round,strategy,lr,local_epochs,global_val_mape,global_val_rmse,global_val_mae,global_val_mpe,global_val_nrmse,global_val_r2,server_optimizer,server_lr_scale,effective_server_lr,max_coordinate_step_ratio,aggregation_delta_norm,server_update_norm,server_update_clipped,coordinate_step_clipped,coordinate_direction_rejected,selected_candidate_id,requested_candidate_id,gate_status,candidate_score,candidate_source,candidate_budget,weight_l1_from_previous,selection_epsilon,llm_score_tolerance,weight_l1_change_limit,validation_source,strict_checkpoint_policy,Client 1_val_mape,Client 1_n_samples,Client 1_train_loss,Client 1_update_norm,Client 1_update_delta_norm,Client 1_validation_gap,Client 2_val_mape,Client 2_n_samples,Client 2_train_loss,Client 2_update_norm,Client 2_update_delta_norm,Client 2_validation_gap,Client 3_val_mape,Client 3_n_samples,Client 3_train_loss,Client 3_update_norm,Client 3_update_delta_norm,Client 3_validation_gap,Client 1_weight,Client 2_weight,Client 3_weight
1,size_only,0.0005,20,0.999959439175314,3667854.5593607305,3067836.6369863013,-0.999959439175314,0.0,0.0,fedyogi,1.0,0.5,1.0,13.036936016538236,9.40829724423636,False,True,False,,,,,,,,,,,client_reported,final_round,0.9999087452888489,148,1566.158251953125,13.202980828336942,13.202980828336942,1.9998174905776978,0.9999753832817078,150,1602.8050048828125,12.958765266907944,12.958765266907944,1.9999507665634155,0.9999959468841553,140,1353.9193359375,13.438986621784245,13.438986621784245,1.9999918937683105,0.3378995433789954,0.3424657534246575,0.319634703196347
2,size_only,0.0005,20,0.9998406528337905,3666990.493150685,3067241.9760273974,-0.9998406528337905,0.0,0.0,fedyogi,1.0,0.5,1.0,5.735523429417756,5.042715525275087,False,True,True,,,,,,,,,,,client_reported,final_round,0.9997621774673462,148,1484.355078125,6.213551133147272,6.213551133147272,1.9995243549346924,0.9998189806938171,150,1492.4591552734375,6.195117742945046,6.195117742945046,1.9996379613876343,0.9999468326568604,140,1278.950341796875,5.910354602214397,5.910354602214397,1.9998936653137207,0.3378995433789954,0.3424657534246575,0.319634703196347
3,size_only,0.0005,20,0.9996033789904695,3665650.5182648404,3066236.2020547944,-0.9996033789904695,0.0,0.0,fedyogi,1.0,0.5,1.0,6.294149164785799,3.825860277298507,False,True,True,,,,,,,,,,,client_reported,final_round,0.9994995594024658,148,1381.529541015625,7.750319586534801,7.750319586534801,1.9989991188049316,0.9995824694633484,150,1412.292919921875,6.80457055837423,6.80457055837423,1.9991649389266968,0.9997355341911316,140,1197.5781982421875,5.381166033417923,5.381166033417923,1.9994710683822632,0.3378995433789954,0.3424657534246575,0.319634703196347
4,size_only,0.0005,20,0.99917467843452,3663777.9337899545,3064688.615296804,-0.99917467843452,0.0,0.0,fedyogi,1.0,0.5,1.0,6.504606497759034,4.4610003399313385,False,True,True,,,,,,,,,,,client_reported,final_round,0.9992379546165466,148,1311.9447265625,7.563042799048333,7.563042799048333,1.9984759092330933,0.9990599751472473,150,1337.39638671875,7.3023214517476545,7.3023214517476545,1.9981199502944946,0.999230682849884,140,1157.7392578125,5.843298315434459,5.843298315434459,1.998461365699768,0.3378995433789954,0.3424657534246575,0.319634703196347
5,size_only,0.0005,20,0.9981903278664367,3659252.1894977167,3060894.73630137,-0.9981903278664367,0.0,0.0,fedyogi,1.0,0.5,1.0,5.855070431123988,4.438393413533507,False,True,True,,,,,,,,,,,client_reported,final_round,0.9986979961395264,148,1230.05341796875,6.556570011420409,6.556570011420409,1.9973959922790527,0.9974764585494995,150,1248.116259765625,7.191705490121197,7.191705490121197,1.994952917098999,0.9984185099601746,140,1059.840380859375,5.4465600932424865,5.4465600932424865,1.9968370199203491,0.3378995433789954,0.3424657534246575,0.319634703196347
6,size_only,0.0005,20,0.9964938120210551,3652159.7602739725,3054654.313926941,-0.9964938120210551,0.0,0.0,fedyogi,1.0,0.5,1.0,5.733898073728917,4.640427857898894,False,True,True,,,,,,,,,,,client_reported,final_round,0.997705340385437,148,1140.8308349609374,7.4791491816308,7.4791491816308,1.995410680770874,0.9946690797805786,150,1154.8194091796875,6.426072026612385,6.426072026612385,1.9893381595611572,0.9971681237220764,140,986.1002563476562,5.278384029237348,5.278384029237348,1.9943362474441528,0.3378995433789954,0.3424657534246575,0.319634703196347
7,size_only,0.0005,20,0.9931989959930176,3637553.3105022833,3042664.151826484,-0.9931989959930176,0.0,0.0,fedyogi,1.0,0.5,1.0,4.171028369939734,3.653035404505994,False,True,True,,,,,,,,,,,client_reported,final_round,0.9956076741218567,148,1054.6050048828124,4.91568412079375,4.91568412079375,1.9912153482437134,0.9907707571983337,150,1063.1944458007813,5.559751777728294,5.559751777728294,1.9815415143966675,0.9932543635368347,140,888.544189453125,4.69594952456594,4.69594952456594,1.9865087270736694,0.3378995433789954,0.3424657534246575,0.319634703196347
8,size_only,0.0005,20,0.9878563957127262,3613183.8242009133,3022350.3264840185,-0.9878563957127262,0.0,0.0,fedyogi,1.0,0.5,1.0,3.8058576163441336,3.417811470810338,False,True,True,,,,,,,,,,,client_reported,final_round,0.9923694729804993,148,956.2905883789062,5.286860723564503,5.286860723564503,1.9847389459609985,0.9826582670211792,150,985.6428955078125,5.341626250634662,5.341626250634662,1.9653165340423584,0.9886548519134521,140,784.0288452148437,3.830195534278124,3.830195534278124,1.9773097038269043,0.3378995433789954,0.3424657534246575,0.319634703196347
9,size_only,0.0005,20,0.980543200828169,3580836.9885844747,2996015.484018265,-0.980543200828169,0.0,0.0,fedyogi,1.0,0.5,1.0,3.3479893636343863,2.9387776591652197,False,True,True,,,,,,,,,,,client_reported,final_round,0.9876822233200073,148,837.0316162109375,4.356625247936285,4.356625247936285,1.9753644466400146,0.9742029905319214,150,867.7066284179688,5.569806510547062,5.569806510547062,1.9484059810638428,0.9797893166542053,140,708.094091796875,4.599369651229767,4.599369651229767,1.9595786333084106,0.3378995433789954,0.3424657534246575,0.319634703196347
10,size_only,0.0005,20,0.9737555852763728,3545589.2488584477,2968487.8401826485,-0.9737555852763728,0.0,0.0,fedyogi,1.0,0.5,1.0,3.425714870659701,3.029390464358552,False,True,True,,,,,,,,,,,client_reported,final_round,0.9803667664527893,148,741.8055908203125,4.20009105477708,4.20009105477708,1.9607335329055786,0.9660870432853699,150,762.6837036132813,5.535290343418472,5.535290343418472,1.9321740865707397,0.9749829173088074,140,631.71904296875,5.231247349465709,5.231247349465709,1.9499658346176147,0.3378995433789954,0.3424657534246575,0.319634703196347
11,size_only,0.0005,20,0.9561162340586589,3472458.621004566,2905573.8162100455,-0.9561162340586589,0.0,0.0,fedyogi,1.0,0.5,1.0,3.1438490765173137,2.7431738468526334,False,True,True,,,,,,,,,,,client_reported,final_round,0.9697232246398926,148,645.9737915039062,4.438409245151334,4.438409245151334,1.9394464492797852,0.9409779906272888,150,646.6306640625,4.754396369242411,4.754396369242411,1.8819559812545776,0.9579512476921082,140,536.8409362792969,4.925495927870199,4.925495927870199,1.9159024953842163,0.3378995433789954,0.3424657534246575,0.319634703196347
12,size_only,0.0005,20,0.9389913629179132,3417144.7625570777,2855840.3036529683,-0.9389913629179132,0.0,0.0,fedyogi,1.0,0.5,1.0,4.364209551212664,2.1457671418579913,False,True,True,,,,,,,,,,,client_reported,final_round,0.9555777311325073,148,563.56640625,3.9400669376876656,3.9400669376876656,1.9111554622650146,0.924174964427948,150,560.7098571777344,4.479708488941435,4.479708488941435,1.848349928855896,0.9373319149017334,140,444.0207946777344,7.840690783378415,7.840690783378415,1.8746638298034668,0.3378995433789954,0.3424657534246575,0.319634703196347
13,size_only,0.0005,20,0.9124968070962113,3309438.385844749,2760117.820776256,-0.9124968070962113,0.0,0.0,fedyogi,1.0,0.5,1.0,5.2883552960669595,2.9120522209400947,False,True,True,,,,,,,,,,,client_reported,final_round,0.9349172711372375,148,460.73041381835935,5.471408847054163,5.471408847054163,1.869834542274475,0.8801551461219788,150,480.7207397460937,6.379330209347908,6.379330209347908,1.7603102922439575,0.9234469532966614,140,348.6265869140625,7.167357358764965,7.167357358764965,1.8468939065933228,0.3378995433789954,0.3424657534246575,0.319634703196347
14,size_only,0.0005,20,0.8763414703003348,3179086.684931507,2644418.936073059,-0.8763414703003348,0.0,0.0,fedyogi,1.0,0.5,1.0,5.726798333448134,3.161431207124341,False,True,True,,,,,,,,,,,client_reported,final_round,0.9061154723167419,148,379.158203125,5.752938876020888,5.752938876020888,1.8122309446334839,0.8432241678237915,150,389.8058166503906,6.446344246703879,6.446344246703879,1.686448335647583,0.8803489208221436,140,277.09027404785155,7.62809737346189,7.62809737346189,1.760697841644287,0.3378995433789954,0.3424657534246575,0.319634703196347
15,size_only,0.0005,20,0.8246651844346904,3040286.4394977167,2510944.252283105,-0.8246651844346904,0.0,0.0,fedyogi,1.0,0.5,1.0,5.86026228335828,3.8624803028225085,False,True,True,,,,,,,,,,,client_reported,final_round,0.8665288686752319,148,279.9974365234375,4.918111782512625,4.918111782512625,1.7330577373504639,0.7926310300827026,150,305.3456573486328,5.560577290690842,5.560577290690842,1.5852620601654053,0.8147315979003906,140,197.1394836425781,10.392349659525603,10.392349659525603,1.6294631958007812,0.3378995433789954,0.3424657534246575,0.319634703196347
16,size_only,0.0005,20,0.7425710036330027,2831200.8105022833,2309477.9235159815,-0.7425710036330027,0.0,0.0,fedyogi,1.0,0.5,1.0,5.40713317905231,3.400840929273198,False,True,True,,,,,,,,,,,client_reported,final_round,0.7813892960548401,148,222.05306701660157,5.2499171842808305,5.2499171842808305,1.5627785921096802,0.7300609946250916,150,215.33438110351562,5.8310423383226455,5.8310423383226455,1.460121989250183,0.7149381041526794,140,159.6792205810547,8.310176883512844,8.310176883512844,1.4298762083053589,0.3378995433789954,0.3424657534246575,0.319634703196347
17,size_only,0.0005,20,0.6655591720859754,2627591.97716895,2105300.5114155253,-0.6604399577667724,0.0,0.0,fedyogi,1.0,0.5,1.0,7.478302398567809,4.384955073504497,False,True,True,,,,,,,,,,,client_reported,final_round,0.7169599533081055,148,144.6929931640625,8.861672525443353,8.861672525443353,1.433919906616211,0.6529546976089478,150,153.0370330810547,7.089312683355508,7.089312683355508,1.3059093952178955,0.6247259974479675,140,95.9782600402832,8.374673536201556,8.374673536201556,1.233436107635498,0.3378995433789954,0.3424657534246575,0.319634703196347
18,size_only,0.0005,20,0.5571033832145064,2321697.8047945206,1793545.0057077627,-0.5258235403391869,0.0,0.0,fedyogi,1.0,0.5,1.0,5.820059657512897,4.018228657657162,False,True,True,,,,,,,,,,,client_reported,final_round,0.6010293364524841,148,100.516845703125,6.91810852426204,6.91810852426204,1.1932575702667236,0.5389034152030945,150,100.16836090087891,6.285146918734354,6.285146918734354,1.0727076530456543,0.5301673412322998,140,76.69938507080079,6.819126191985581,6.819126191985581,0.9772409200668335,0.3378995433789954,0.3424657534246575,0.319634703196347
19,size_only,0.0005,20,0.46249311318680575,2002421.299086758,1474419.2619863013,-0.36312204694639055,0.0,0.0,fedyogi,1.0,0.5,1.0,5.4370562848562,3.7116307668462016,False,True,True,,,,,,,,,,,client_reported,final_round,0.5135615468025208,148,64.1662811279297,6.499129907826991,6.499129907826991,0.969484806060791,0.4235535264015198,150,77.38692016601563,5.546348704870514,5.546348704870514,0.8051488995552063,0.4502274692058563,140,42.92311248779297,7.473198320214018,7.473198320214018,0.6954525113105774,0.3378995433789954,0.3424657534246575,0.319634703196347
20,size_only,0.0005,20,0.388515522763065,1655741.6518264841,1193288.7448630137,-0.1900665248025498,0.0,0.0,fedyogi,1.0,0.5,1.0,4.175091241511232,3.1160712826235932,False,True,True,,,,,,,,,,,client_reported,final_round,0.41613879799842834,148,26.11074905395508,5.246095671466655,5.246095671466655,0.6910430192947388,0.36742663383483887,150,36.943268585205075,4.355516301460284,4.355516301460284,0.601134717464447,0.38190901279449463,140,27.791384887695312,7.485535284009583,7.485535284009583,0.4355311393737793,0.3378995433789954,0.3424657534246575,0.319634703196347
