round,strategy,lr,local_epochs,global_val_mape,global_val_rmse,global_val_mae,global_val_mpe,global_val_nrmse,global_val_r2,server_optimizer,server_lr_scale,effective_server_lr,max_coordinate_step_ratio,aggregation_delta_norm,server_update_norm,server_update_clipped,coordinate_step_clipped,coordinate_direction_rejected,Client 1_val_mape,Client 1_n_samples,Client 1_train_loss,Client 1_update_norm,Client 1_update_delta_norm,Client 1_validation_gap,Client 2_val_mape,Client 2_n_samples,Client 2_train_loss,Client 2_update_norm,Client 2_update_delta_norm,Client 2_validation_gap,Client 3_val_mape,Client 3_n_samples,Client 3_train_loss,Client 3_update_norm,Client 3_update_delta_norm,Client 3_validation_gap,Client 1_weight,Client 2_weight,Client 3_weight
1,size_only,0.0005,20,0.9999972,3907364.0,2983930.2,-0.9999972,0.35128146,-1.3991222381591797,fedyogi,1.0,0.5,1.0,13.034546861055594,9.332712969359235,False,True,False,0.9999370574951172,148,1553.1192138671875,13.109766845152377,13.109766845152377,1.9998741149902344,0.9999568462371826,150,1569.96220703125,12.963841657728189,12.963841657728189,1.9999136924743652,0.9999964833259583,140,1304.350146484375,13.461358610088878,13.461358610088878,1.9999929666519165,0.3378995433789954,0.3424657534246575,0.319634703196347
2,size_only,0.0005,20,0.99971807,3904679.8,2982409.0,-0.99971807,0.35104012,-1.395826816558838,fedyogi,1.0,0.5,1.0,5.207030799939831,4.8469037000074655,False,True,True,0.9997721314430237,148,1461.944580078125,5.4510518389585645,5.4510518389585645,1.9995442628860474,0.999804675579071,150,1473.12919921875,5.827453623610112,5.827453623610112,1.999609351158142,0.9999298453330994,140,1246.4584228515625,5.502514684129388,5.502514684129388,1.9998596906661987,0.3378995433789954,0.3424657534246575,0.319634703196347
3,size_only,0.0005,20,0.999279,3901672.0,2980425.0,-0.999279,0.35076973,-1.3921375274658203,fedyogi,1.0,0.5,1.0,4.282819641295995,3.02127022668142,False,True,True,0.999504566192627,148,1367.777392578125,4.760966316477556,4.760966316477556,1.999009132385254,0.9993742108345032,150,1401.203369140625,5.705045205494729,5.705045205494729,1.9987484216690063,0.9996684193611145,140,1165.01455078125,3.671917066560935,3.671917066560935,1.999336838722229,0.3378995433789954,0.3424657534246575,0.319634703196347
4,size_only,0.0005,20,0.9988444,3900039.2,2978941.0,-0.9988444,0.35062295,-1.3901357650756836,fedyogi,1.0,0.5,1.0,5.053572378805786,4.088669881019644,False,True,True,0.9990612864494324,148,1286.43017578125,5.6909425887335,5.6909425887335,1.9981225728988647,0.9982593655586243,150,1299.921630859375,6.406608373774227,6.406608373774227,1.9965187311172485,0.9992362260818481,140,1102.4830322265625,4.450716179253565,4.450716179253565,1.9984724521636963,0.3378995433789954,0.3424657534246575,0.319634703196347
5,size_only,0.0005,20,0.9978265,3895676.0,2975268.0,-0.9978265,0.35023066,-1.3847906589508057,fedyogi,1.0,0.5,1.0,4.604260853295022,3.809429188232341,False,True,True,0.9981386065483093,148,1201.8744140625,5.495387093812435,5.495387093812435,1.9962772130966187,0.9963337779045105,150,1198.605859375,6.191866636133545,6.191866636133545,1.992667555809021,0.9981944561004639,140,1005.6618896484375,4.308935204759473,4.308935204759473,1.9963889122009277,0.3378995433789954,0.3424657534246575,0.319634703196347
6,size_only,0.0005,20,0.99580216,3887153.5,2968078.0,-0.99580216,0.34946448,-1.3743677139282227,fedyogi,1.0,0.5,1.0,5.544217783563816,4.408609709152989,False,True,True,0.9966242909431458,148,1083.0150390625,5.957026516953104,5.957026516953104,1.9932485818862915,0.9930779337882996,150,1104.7772827148438,7.851766826220698,7.851766826220698,1.9861558675765991,0.9964084625244141,140,927.770556640625,4.5801548465494895,4.5801548465494895,1.9928169250488281,0.3378995433789954,0.3424657534246575,0.319634703196347
7,size_only,0.0005,20,0.9925189,3872690.5,2956187.5,-0.9925189,0.34816423,-1.3567321300506592,fedyogi,1.0,0.5,1.0,5.567970959778472,4.354546279055372,False,True,True,0.9934934377670288,148,987.9939575195312,5.534797833063598,5.534797833063598,1.9869868755340576,0.987308919429779,150,990.3182983398438,7.683879189329164,7.683879189329164,1.974617838859558,0.9942354559898376,140,847.37861328125,5.3859870703915425,5.3859870703915425,1.9884709119796753,0.3378995433789954,0.3424657534246575,0.319634703196347
8,size_only,0.0005,20,0.98733,3848901.0,2937089.8,-0.98733,0.3460255,-1.327866792678833,fedyogi,1.0,0.5,1.0,5.39974877441424,4.4217872783050325,False,True,True,0.990167498588562,148,901.9198486328125,5.7119425798465375,5.7119425798465375,1.980334997177124,0.9795693755149841,150,908.7103881835938,8.21081382244177,8.21081382244177,1.9591387510299683,0.9870463609695435,140,749.4756103515625,4.645082315915955,4.645082315915955,1.974092721939087,0.3378995433789954,0.3424657534246575,0.319634703196347
9,size_only,0.0005,20,0.97887367,3810997.2,2906966.8,-0.97887367,0.34261784,-1.282243013381958,fedyogi,1.0,0.5,1.0,5.1156373615271065,4.298954154688249,False,True,True,0.9824438691139221,148,788.2223388671875,4.577341745796767,4.577341745796767,1.9648877382278442,0.9678552746772766,150,815.9948364257813,7.843625633884879,7.843625633884879,1.9357105493545532,0.9805131554603577,140,665.7087768554687,5.428382794897562,5.428382794897562,1.9610263109207153,0.3378995433789954,0.3424657534246575,0.319634703196347
10,size_only,0.0005,20,0.9665849,3756222.0,2864143.8,-0.9665849,0.33769342,-1.217109203338623,fedyogi,1.0,0.5,1.0,4.864115319630922,4.0808244121559,False,True,True,0.9729731678962708,148,680.229248046875,4.083471583182755,4.083471583182755,1.9459463357925415,0.950149416923523,150,679.8465942382812,7.480789033780254,7.480789033780254,1.900298833847046,0.972391664981842,140,562.3772644042969,5.947337918795884,5.947337918795884,1.944783329963684,0.3378995433789954,0.3424657534246575,0.319634703196347
11,size_only,0.0005,20,0.95214117,3698988.5,2816420.2,-0.95214117,0.332548,-1.1500599384307861,fedyogi,1.0,0.5,1.0,3.5876982293928057,2.983032889078885,False,True,True,0.958864688873291,148,590.802587890625,4.303837162095319,4.303837162095319,1.917729377746582,0.9340524077415466,150,604.469287109375,6.060876890632455,6.060876890632455,1.8681048154830933,0.9524335861206055,140,493.15020141601565,5.7176012145742945,5.7176012145742945,1.904867172241211,0.3378995433789954,0.3424657534246575,0.319634703196347
12,size_only,0.0005,20,0.930276,3617280.8,2746697.5,-0.930276,0.32520226,-1.0561227798461914,fedyogi,1.0,0.5,1.0,4.115981943067267,3.5138150374151156,False,True,True,0.9398775696754456,148,488.5991149902344,4.567396585808459,4.567396585808459,1.8797551393508911,0.9015550017356873,150,507.5900573730469,6.781927571095442,6.781927571095442,1.8031100034713745,0.9306432008743286,140,410.40618896484375,6.26306964042709,6.26306964042709,1.8612864017486572,0.3378995433789954,0.3424657534246575,0.319634703196347
13,size_only,0.0005,20,0.8996356,3514178.8,2654956.0,-0.8996356,0.31593314,-0.940583348274231,fedyogi,1.0,0.5,1.0,5.092689353829214,3.913409533341892,False,True,True,0.9114041328430176,148,426.5183532714844,4.841149840478503,4.841149840478503,1.8228082656860352,0.8695879578590393,150,398.5761291503906,7.914062583625841,7.914062583625841,1.7391759157180786,0.9031132459640503,140,318.8651123046875,6.2231441192463715,6.2231441192463715,1.8062264919281006,0.3378995433789954,0.3424657534246575,0.319634703196347
14,size_only,0.0005,20,0.85695195,3402130.0,2544428.8,-0.85695195,0.30585968,-0.8188060522079468,fedyogi,1.0,0.5,1.0,4.50742336346915,3.5290584875107966,False,True,True,0.8832827210426331,148,295.69452209472655,4.813550837560829,4.813550837560829,1.7665654420852661,0.8246858716011047,150,303.54279174804685,5.683982990972833,5.683982990972833,1.6493717432022095,0.8663374185562134,140,238.8578308105469,6.430533385934952,6.430533385934952,1.7326748371124268,0.3378995433789954,0.3424657534246575,0.319634703196347
15,size_only,0.0005,20,0.7884732,3196781.8,2357621.5,-0.7884732,0.2873984,-0.6058707237243652,fedyogi,1.0,0.5,1.0,4.286161238253808,3.167062013066693,False,True,True,0.8175479173660278,148,223.22234802246095,4.997336354930731,4.997336354930731,1.6350958347320557,0.7588381171226501,150,236.28306884765624,4.585418750604242,4.585418750604242,1.5176762342453003,0.7847378253936768,140,171.74393310546876,6.196752067442084,6.196752067442084,1.5694756507873535,0.3378995433789954,0.3424657534246575,0.319634703196347
16,size_only,0.0005,20,0.6832962,2921047.2,2083490.1,-0.6832962,0.26260918,-0.3407931327819824,fedyogi,1.0,0.5,1.0,4.586444537592704,3.3562464104935166,False,True,True,0.7479454874992371,148,163.46070251464843,6.542980764675551,6.542980764675551,1.4958909749984741,0.6562099456787109,150,170.27874145507812,4.50159672617155,4.50159672617155,1.3124198913574219,0.6814078688621521,140,116.77669830322266,5.440021019913951,5.440021019913951,1.356436014175415,0.3378995433789954,0.3424657534246575,0.319634703196347
17,size_only,0.0005,20,0.57875127,2677429.5,1815585.2,-0.5679052,0.24070737,-0.12647271156311035,fedyogi,1.0,0.5,1.0,4.381046865317857,3.034227903193967,False,True,True,0.6384356617927551,148,110.3637908935547,4.701590798125011,4.701590798125011,1.273042917251587,0.5704004168510437,150,108.77201538085937,5.880118046960764,5.880118046960764,1.1408008337020874,0.6261700391769409,140,69.204052734375,5.606015321217802,5.606015321217802,1.1994801759719849,0.3378995433789954,0.3424657534246575,0.319634703196347
18,size_only,0.0005,20,0.45834264,2347643.2,1477680.1,-0.41189343,0.2110588,0.13393843173980713,fedyogi,1.0,0.5,1.0,4.536246131280812,2.9127537069305096,False,True,True,0.5158349871635437,148,89.03572006225586,5.331004795625795,5.331004795625795,0.9993284344673157,0.4716198146343231,150,71.70671691894532,5.526612632344242,5.526612632344242,0.8846712112426758,0.46324703097343445,140,47.45133819580078,7.454312212164616,7.454312212164616,0.8803982734680176,0.3378995433789954,0.3424657534246575,0.319634703196347
19,size_only,0.0005,20,0.37396124,2072737.9,1242978.2,-0.23934707,0.18634413,0.3248918056488037,fedyogi,1.0,0.5,1.0,3.73586814162173,1.7914871800355354,False,True,True,0.5036075711250305,148,53.28871078491211,4.6412161632442,4.6412161632442,0.8292185664176941,0.41997021436691284,150,42.06143302917481,5.014089270272758,5.014089270272758,0.6412011384963989,0.4081449806690216,140,38.75956993103027,5.721874673677242,5.721874673677242,0.5808707475662231,0.3378995433789954,0.3424657534246575,0.319634703196347
20,size_only,0.0005,20,0.33592197,1886467.6,1106756.0,-0.07407546,0.169598,0.4407792091369629,fedyogi,1.0,0.5,1.0,3.782595029189245,2.601464099028699,False,True,True,0.41756385564804077,148,42.02464752197265,5.4205794922863175,5.4205794922863175,0.5446193218231201,0.40718764066696167,150,34.8134651184082,4.601942285802949,4.601942285802949,0.48177334666252136,0.3907770812511444,140,48.1278881072998,5.165090217128008,5.165090217128008,0.4022408127784729,0.3378995433789954,0.3424657534246575,0.319634703196347
