round,strategy,client_id,n_samples,train_loss,val_mape,val_rmse,val_mae,val_mpe,update_norm,update_delta_norm,validation_gap,aggregation_weight
1,validation_preview_gca,Client 1,148,1566.158251953125,0.9999087452888489,3987421.5,3241735.25,-0.9999087452888489,13.202980828336942,13.202980828336942,1.9998174905776978,0.3378995433789954
1,validation_preview_gca,Client 2,150,1602.8050048828125,0.9999753832817078,4608825.5,3894989.5,-0.9999753832817078,12.958765266907944,12.958765266907944,1.9999507665634155,0.3424657534246575
1,validation_preview_gca,Client 3,140,1353.9193359375,0.9999959468841553,2321843.5,1997765.75,-0.9999959468841553,13.438986621784245,13.438986621784245,1.9999918937683105,0.319634703196347
2,validation_preview_gca,Client 1,148,1478.351611328125,0.9998394846916199,3986841.75,3241354.75,-0.9998394846916199,9.13261526627546,9.13261526627546,1.9996789693832397,0.3378995433789954
2,validation_preview_gca,Client 2,150,1488.7443115234375,0.9998233318328857,4607474.5,3894090.0,-0.9998233318328857,8.942295070730669,8.942295070730669,1.9996466636657715,0.3424657534246575
2,validation_preview_gca,Client 3,140,1282.495849609375,0.9999552965164185,2321647.0,1997633.75,-0.9999552965164185,9.23319910205128,9.23319910205128,1.999910593032837,0.319634703196347
3,validation_preview_gca,Client 1,148,1402.2240966796876,0.9995536804199219,3984796.5,3239923.75,-0.9995536804199219,7.3417929307988885,7.3417929307988885,1.9991073608398438,0.3378995433789954
3,validation_preview_gca,Client 2,150,1413.093408203125,0.999502956867218,4606105.0,3892815.25,-0.999502956867218,7.416008335108364,7.416008335108364,1.999005913734436,0.3424657534246575
3,validation_preview_gca,Client 3,140,1202.8211181640625,0.9996960163116455,2320547.25,1996842.0,-0.9996960163116455,7.0935855834639945,7.0935855834639945,1.999392032623291,0.319634703196347
4,validation_preview_gca,Client 1,148,1290.5282470703125,0.9992085695266724,3982549.0,3238296.0,-0.9992085695266724,8.260867099627639,8.260867099627639,1.9984171390533447,0.3378995433789954
4,validation_preview_gca,Client 2,150,1351.56640625,0.9990012645721436,4604155.0,3890869.5,-0.9990012645721436,7.675256158549649,7.675256158549649,1.998002529144287,0.3424657534246575
4,validation_preview_gca,Client 3,140,1134.2456787109375,0.9992539882659912,2318926.5,1995608.875,-0.9992539882659912,7.112773580901567,7.112773580901567,1.9985079765319824,0.319634703196347
5,validation_preview_gca,Client 1,148,1221.910791015625,0.9986346364021301,3978454.5,3235499.0,-0.9986346364021301,8.280008665542379,8.280008665542379,1.9972692728042603,0.3378995433789954
5,validation_preview_gca,Client 2,150,1246.1746826171875,0.9975330233573914,4598235.5,3885075.0,-0.9975330233573914,8.87718213209507,8.87718213209507,1.9950660467147827,0.3424657534246575
5,validation_preview_gca,Client 3,140,1043.446826171875,0.9985423684120178,2315992.0,1993523.5,-0.9985423684120178,8.884312278832803,8.884312278832803,1.9970847368240356,0.319634703196347
6,validation_preview_gca,Client 1,148,1132.1177734375,0.9974220395088196,3970974.25,3230058.0,-0.9974220395088196,10.113322936688988,10.113322936688988,1.9948440790176392,0.3378995433789954
6,validation_preview_gca,Client 2,150,1149.1790283203125,0.9949528574943542,4588627.5,3875234.5,-0.9949528574943542,10.562123334488897,10.562123334488897,1.9899057149887085,0.3424657534246575
6,validation_preview_gca,Client 3,140,952.2505493164062,0.9972577691078186,2312053.75,1990362.0,-0.9972577691078186,9.447354658888049,9.447354658888049,1.9945155382156372,0.319634703196347
7,validation_preview_gca,Client 1,148,1045.38056640625,0.9953439831733704,3956475.5,3220195.75,-0.9953439831733704,10.22364996385841,10.22364996385841,1.9906879663467407,0.3378995433789954
7,validation_preview_gca,Client 2,150,1045.1033569335937,0.9909124970436096,4570514.5,3858339.25,-0.9909124970436096,9.773823043900153,9.773823043900153,1.9818249940872192,0.3424657534246575
7,validation_preview_gca,Client 3,140,891.392431640625,0.993972659111023,2300098.25,1981466.875,-0.993972659111023,8.154429485795458,8.154429485795458,1.987945318222046,0.319634703196347
8,validation_preview_gca,Client 1,148,942.7209594726562,0.9929324984550476,3942629.25,3209576.25,-0.9929324984550476,9.199572991622336,9.199572991622336,1.9858649969100952,0.2878995433789954
8,validation_preview_gca,Client 2,150,956.1556640625,0.9853647947311401,4545971.5,3835600.75,-0.9853647947311401,10.407259391728056,10.407259391728056,1.9707295894622803,0.3424657534246575
8,validation_preview_gca,Client 3,140,806.67158203125,0.9905591607093811,2288238.0,1972600.875,-0.9905591607093811,7.329603014577857,7.329603014577857,1.9811183214187622,0.369634703196347
9,validation_preview_gca,Client 1,148,862.46845703125,0.9880724549293518,3910438.25,3186920.25,-0.9880724549293518,10.227547969637525,10.227547969637525,1.9761449098587036,0.2878995433789954
9,validation_preview_gca,Client 2,150,870.2506469726562,0.9747345447540283,4501137.5,3793079.5,-0.9747345447540283,9.498088060821633,9.498088060821633,1.9494690895080566,0.3424657534246575
9,validation_preview_gca,Client 3,140,718.5941772460938,0.9847317934036255,2268343.25,1957113.75,-0.9847317934036255,7.129875876946595,7.129875876946595,1.969463586807251,0.369634703196347
10,validation_preview_gca,Client 1,148,728.8863037109375,0.9814925193786621,3868127.5,3156622.0,-0.9814925193786621,8.757246462206036,8.757246462206036,1.9629850387573242,0.2878995433789954
10,validation_preview_gca,Client 2,150,763.19599609375,0.9636991620063782,4440982.5,3742711.25,-0.9636991620063782,8.912526730253862,8.912526730253862,1.9273983240127563,0.3424657534246575
10,validation_preview_gca,Client 3,140,653.3330322265625,0.9751363396644592,2242632.25,1935656.625,-0.9751363396644592,7.108835423614471,7.108835423614471,1.9502726793289185,0.369634703196347
11,validation_preview_gca,Client 1,148,650.2969604492188,0.9719153046607971,3814157.0,3115164.25,-0.9719153046607971,8.001571353484868,8.001571353484868,1.9438306093215942,0.2878995433789954
11,validation_preview_gca,Client 2,150,662.6359497070313,0.9475967288017273,4367230.0,3676149.0,-0.9475967288017273,9.040488047403334,9.040488047403334,1.8951934576034546,0.3424657534246575
11,validation_preview_gca,Client 3,140,557.4398315429687,0.9638925194740295,2210248.75,1909445.375,-0.9638925194740295,7.243871739557853,7.243871739557853,1.927785038948059,0.369634703196347
12,validation_preview_gca,Client 1,148,557.6652221679688,0.9573692679405212,3738047.0,3055532.5,-0.9573692679405212,8.32992977371196,8.32992977371196,1.9147385358810425,0.2878995433789954
12,validation_preview_gca,Client 2,150,561.4511474609375,0.9262849688529968,4288093.5,3598915.75,-0.9262849688529968,7.46007800430315,7.46007800430315,1.8525699377059937,0.3424657534246575
12,validation_preview_gca,Client 3,140,457.956884765625,0.9341973066329956,2134628.5,1845156.25,-0.9341973066329956,7.5133772920620405,7.5133772920620405,1.8683946132659912,0.369634703196347
13,validation_preview_gca,Client 1,148,447.6278015136719,0.9361757040023804,3634094.25,2970558.25,-0.9361757040023804,7.804175505581951,7.804175505581951,1.8723514080047607,0.2878995433789954
13,validation_preview_gca,Client 2,150,464.0323425292969,0.8942492604255676,4173756.5,3484287.5,-0.8942492604255676,9.203768332393237,9.203768332393237,1.7884985208511353,0.3424657534246575
13,validation_preview_gca,Client 3,140,370.8612976074219,0.9027982354164124,2057049.875,1777568.5,-0.9027982354164124,7.640347664286402,7.640347664286402,1.8055964708328247,0.369634703196347
14,validation_preview_gca,Client 1,148,389.5707946777344,0.9117129445075989,3504755.0,2870730.25,-0.9117129445075989,8.812174800593688,8.812174800593688,1.8234258890151978,0.2878995433789954
14,validation_preview_gca,Client 2,150,390.5338562011719,0.8487612009048462,3990288.25,3305354.5,-0.8487612009048462,9.118553956452523,9.118553956452523,1.6975224018096924,0.3424657534246575
14,validation_preview_gca,Client 3,140,304.59377136230466,0.8606904745101929,1963638.0,1698882.25,-0.8606904745101929,10.251503005252788,10.251503005252788,1.7213809490203857,0.369634703196347
15,validation_preview_gca,Client 1,148,301.40220642089844,0.8701029419898987,3325190.75,2717033.5,-0.8701029419898987,8.770014395029655,8.770014395029655,1.7402058839797974,0.2878995433789954
15,validation_preview_gca,Client 2,150,296.281884765625,0.7859830856323242,3752656.25,3065652.75,-0.7859830856323242,9.35340387822027,9.35340387822027,1.5719661712646484,0.3424657534246575
15,validation_preview_gca,Client 3,140,208.65367736816407,0.8030532002449036,1837617.875,1586783.625,-0.8030532002449036,9.007843798453356,9.007843798453356,1.6061064004898071,0.369634703196347
16,validation_preview_gca,Client 1,148,210.41928100585938,0.8027995228767395,3132175.5,2526621.25,-0.8027995228767395,9.77006878993404,9.77006878993404,1.605599045753479,0.2878995433789954
16,validation_preview_gca,Client 2,150,239.5527130126953,0.7284396886825562,3554740.25,2853359.75,-0.7284396886825562,9.881596258930143,9.881596258930143,1.4568793773651123,0.3424657534246575
16,validation_preview_gca,Client 3,140,156.1754150390625,0.7379654049873352,1733626.125,1484507.5,-0.7379654049873352,11.713251108744121,11.713251108744121,1.4759308099746704,0.369634703196347
17,validation_preview_gca,Client 1,148,147.76556396484375,0.7119013071060181,2821727.5,2251218.0,-0.7050221562385559,12.708771415341205,12.708771415341205,1.4169235229492188,0.2878995433789954
17,validation_preview_gca,Client 2,150,154.213330078125,0.6527649760246277,3389616.5,2650146.75,-0.6527649760246277,10.663161910708059,10.663161910708059,1.3055299520492554,0.3424657534246575
17,validation_preview_gca,Client 3,140,92.01495819091797,0.6011136770248413,1533730.875,1277442.125,-0.6011136770248413,12.147244053247935,12.147244053247935,1.2022273540496826,0.369634703196347
18,validation_preview_gca,Client 1,148,92.87876739501954,0.6338227391242981,2523094.75,1994500.375,-0.6040912866592407,12.09249748045641,12.09249748045641,1.2379140853881836,0.2878995433789954
18,validation_preview_gca,Client 2,150,99.25987243652344,0.548114001750946,3048908.75,2288253.5,-0.5243464112281799,12.148205985796816,12.148205985796816,1.072460412979126,0.3424657534246575
18,validation_preview_gca,Client 3,140,64.23399124145507,0.5093491673469543,1326186.0,1092235.5,-0.4457709491252899,12.62188907901492,12.62188907901492,0.9551200866699219,0.369634703196347
19,validation_preview_gca,Client 1,148,69.32856903076171,0.5142995715141296,2184583.0,1633704.0,-0.46686282753944397,11.848102881233418,11.848102881233418,0.981162428855896,0.2878995433789954
19,validation_preview_gca,Client 2,150,60.87109527587891,0.4738958179950714,2693474.5,1975594.125,-0.3656143844127655,11.713028250632808,11.713028250632808,0.8395102024078369,0.3924657534246575
19,validation_preview_gca,Client 3,140,54.39799194335937,0.46275678277015686,1173768.25,926700.1875,-0.26459211111068726,12.506819842543539,12.506819842543539,0.7273489236831665,0.319634703196347
20,validation_preview_gca,Client 1,148,40.78239212036133,0.4058806896209717,1911469.375,1296489.625,-0.2841823995113373,8.345546718848164,8.345546718848164,0.6900631189346313,0.3490125275368533
20,validation_preview_gca,Client 2,150,48.07396926879883,0.39837154746055603,2287380.5,1658755.625,-0.20664513111114502,10.067345463262397,10.067345463262397,0.6050167083740234,0.3425554953299562
20,validation_preview_gca,Client 3,140,26.980406188964842,0.3586879372596741,729415.3125,587025.0,-0.03536177799105644,10.423116661531376,10.423116661531376,0.3940497040748596,0.3084319771331905
